이름,전화번호,주소
야유신,090-5311-5631,경남 김해시 어방동 1088-7
풍동해,090-7898-8844,강원도 속초시 대포동 956-5
제영후,090-3857-3332,"경북 영천시 문외동 38-3번1,2F"
함민서,090-7388-7614,서울시 구로구 구로동 3-35번지 1F
유민국,090-6151-7967,강원도 동해시 천곡동 1077-3
기은성,090-6261-4386,대구 수성구 수성3가 322-1번지
유준호,090-7969-6436,울산시 울주군 서생면 간절곶해안길 205 울주군특산물판매장 2F
빈성희,090-8803-6270,경기도 이천시 창전동 166-13번지
제갈동연,090-5671-6068,"경남 밀양시 내일동 649-7다복빌딩 1,2F"
진대윤,090-3663-2154,"경기도 파주시 문산읍 문산리 61-35번지 1,2F"
양은성,090-5152-2940,충북 증평군 증평읍 창동리 65번지
엄은진,090-2459-4224,제주시 연동 1482번지 1층
흥동현,090-7497-5894,울산시 남구 옥동 143-12
어민기,090-8693-6068,강원도 속초시 중앙로 150-1
방윤후,090-6676-4851,전남 나주시 대호동 1029-2
초시민,090-7208-2429,경북 구미시 옥계동 840번지 경북프라자 1층
나한율,090-2189-3661,경기도 이천시 신둔면 용면리
독고예준,090-3861-7615,충북 충주시 가금면 용전리
배세준,090-5974-2814,제주특별자치도 서귀포시 대정읍 상모리 133-8 번지외1필지
해송혁,090-3527-2814,경기도 파주시 금촌동 987-6번지 혜인빌딩 1층
독고예준,090-3446-7516,제주 공항로 2가 여객청사 1층 1번 대합실
삼찬후,090-8145-4800,서울시 강서구 화곡동 1006-9
여민국,090-6375-2927,서울시 강서구 가양동 1479-9
돈송혁,090-7587-4968,인천시 서구 검암동 606-7
허시후,090-5476-5013,경기도 화성시 능동 445-2외 10필지
남동예,090-7365-6223,"경기도 고양시 일산동구 장항동 868 웨스턴돔 B동 108호, 208호"
순대영,090-3257-4229,"서울시 관악구 신림동 1640-3 2,3,4F"
판한수,090-2953-2808,경기도 양평군 양평읍 양근리 201-15
박수혁,090-4091-6088,대구시 동구 율하동 1223
어민기,090-5163-4376,전북 부안군 변산면 격포리 290-1 채석강 국립공원 내 바다호텔 1층
흥동현,090-8259-4954,강원도 원주시 행구동 1847-3
뇌성수,090-3909-4992,충남 아산시 배방읍 복수리 1019
유준호,090-7845-5137,울산시 동구 서부동 113-48
낭시우,090-3879-8641,경기도 화성시 봉담읍 동화리 113-1번지
진승우,090-6032-8135,경남 창원시 대방동 자양로 136
비현호,090-6154-7469,서울시 도봉구 쌍문동 45-8 1F
초시민,090-5584-5983,경남 창원시 진해구 이동 464-2번지 1층
석서훈,090-4689-2059,인천시 연수구 동춘동 926번지 1층
판한수,090-2739-6949,경북 경주시 성건동 684-9번지 1층
성성율,090-2643-5433,전남 구례군 산동면 좌사리 110-1
황원혁,090-4555-6653,서울시 강북구 미아동 838-4번지
사원호,090-7308-7956,경기도 성남시 분당구 삼평동 741
낭시우,090-4938-3545,경남 김해시 장유면 관동리 1101-1번지
내세원,090-8663-3480,경기도 과천시 막계동 33 서울랜드 정문
빈성희,090-7053-2734,충남 아산시 배방읍 장래리 1760 1층
진승환,090-4388-2180,광주시 서구 치평동 1223-3.4
필영후,090-3425-3140,경기도 파주시 동패동 56 형성프라자 1층 113호
판한수,090-2342-5690,경기도 일산시 서구 대화동 2606
낭시우,090-7414-5021,광주시 남구 진월동 259번지
아동은,090-5141-5905,부산시 동래구 명륜동 569-12
배세준,090-8978-3396,전북 김제시 검산동 844
빈성희,090-5251-7532,경기도 용인시 처인구 김량장동 23-1번지 용인터미널 내
진대원,090-3091-6152,충남 천안시 석북구 백석동 878번지 1F
돈송혁,090-4729-3949,경기도 수원시 권선구 금곡동 572-5
소대권,090-5213-7820,서울시 영등포구 여의도동 23번지 ifc몰 국제금융센터
비현호,090-5222-2664,강원도 원주시 문막읍 동화리 113번지
흥동현,090-6420-5742,"서울시 광진구 구의동 611번지 강변상가1,2층"
강이찬,090-4865-6507,"충남 공주시 중동 67-3번지 1,2F"
이윤진,090-3323-8188,인천시 서구 마전동 621-5
유민국,090-8887-6345,울산시 동구 서부동 315-34 2/3층
돈송혁,090-8465-3439,경기도 수원시 천천동 528-1
점재민,090-4346-4702,충남 공주시 신관동 191-7번지
돈송혁,090-4134-3962,경기도 안산시 상록구 본오동 874-11
하재찬,090-8914-8997,충남 아산시 탕정면 명암리 931-1
담장호,090-3859-4731,대전시 서구 도안동 963번지
춘찬영,090-2647-2032,전남 여수시 종화동 470
낭시우,090-6801-6994,인천시 송도 커넬워크 3동 1층 156호
남동예,090-2182-5127,울산시 중구 태화동 593-17
유성율,090-7351-5593,경기도 고양시 일산구 주엽2동 22번지 지하2층
최장현,090-3101-6438,경기도 용인시 기흥구 보라동 579-2
모재원,090-8033-8887,부산시 해운대구 좌동 1270-5 103호
춘인규,090-3546-6648,경북 경주시 천군동 206-3
운윤태,090-6763-2657,경기도 남양주시 별내면 화점리 58-65
사원호,090-7603-7728,충남 천안시 불당동 아산신도시 펜타포트점 B2
삼찬후,090-6969-7256,"부산시 연제구 연산동728-1번지 1,2,3층"
풍동해,090-7249-4298,경기도 가평군 청평면 대성리 399-103
복재민,090-4483-6919,대전시 서구 도마동 29-32번지
허시후,090-3047-5705,인천시 계양구 임학동 67-9 1F
함민서,090-3413-8054,경기도 수원시 영통구 광교신도시 2-51-1
공동영,090-4609-2804,인천시 연수구 선학동 406-5번지 1층
신찬영,090-6493-6043,서울시 동대문구 전농동 30-3
두동환,090-2168-8773,광주시 북구 운암동1044-2번지
춘찬영,090-3604-5506,광주시 서구 금호동 762-5번지
진대윤,090-3605-5245,경북 경주시 북군동 57-24
갈한수,090-8793-7817,충남 부여군 부여읍 구아리 96-4
아동은,090-3220-6513,경남 진주시 상대동 300-59번지 다점빌딩 1F
함민서,090-8640-6287,울산시 중구 옥교동 95
필영후,090-3394-3522,서울시 종로구 관철동 5-13 1층
춘찬영,090-3083-6772,인천시 연수구 동춘동 937-3번지
옥채훈,090-5677-6865,서울시 중구 신당동 140-10 1층
진승환,090-4206-8278,경기도 부천 원미구 상동 539-1 4층
여동은,090-4048-7552,서울시 서대문구 성산로 250번지
복재민,090-5169-5784,대구시 달서구 감삼동 452-3.월드마크 상가 106동 105호
성성율,090-6044-7297,경기도 수원시 영통구 광교신도시 13BL
명윤일,090-3127-2143,전남 목포시 용당동 1088-8
삼윤후,090-5187-6121,경남 거창군 거창읍 상림리 825번지
기원호,090-7737-7520,울산시 남구 달동 130-3번지
양동인,090-3253-2081,서울시 양천구 신정동 1183-9
삼윤후,090-4295-7418,경북 구미시 봉곡동 204-1
춘찬영,090-8939-5681,충남 천안시 서북구 성정동 648-1
운윤태,090-8836-3198,충남 서산시 잠홍동 463번지
명윤일,090-7249-6095,부산시 해운대구 중동 1776-1번지
사성준,090-5773-2745,서울시 은평구 갈현동 396-11
야유신,090-7977-5506,부산시 진구 부암동 69-5
여동은,090-8618-4787,"서울시 종로구 적선동 107-1 1,2,3층"
춘대권,090-8483-4281,"경기도 고양시 덕양구 화정동 972 영프라자 102호,201호"
뇌성수,090-2801-7404,서울시 동작구 사당동 130-25번지
어민기,090-5131-6333,광주시 서구 쌍촌동 1271-1
제유상,090-4690-7801,경남 진주시 신안동 447-4번지
돈송혁,090-6007-3841,울산시 북구 매곡동 542-12
공동영,090-3402-2076,서울시 서초구 반포동 1053
단수혁,090-8951-3950,경기도 양주시 광사동 654
유성율,090-5613-2549,서울시 강동구 명일동 353-1번지
소대권,090-8184-4498,서울시 송파구 문정동 107-2
배세준,090-6345-5754,경기도 광주시 경안동 32-1번지
진동혜,090-2296-6429,대구시 서구 평리3동 1093-11
여민국,090-7147-3034,경남 창녕군 영산면 신제리 1471-1
두동환,090-6583-2180,부산시 부산진구 부전동 573번지
복재민,090-7890-8355,경북 문경시 모전동 883-4
진승우,090-8419-3887,경기도 화성시 반송동 42-5번지
순대영,090-3809-8741,경북 구미시 임수동 92-28번지
소대권,090-3557-5859,충남 서산시 동문동 269-3번지
배채호,090-7429-6227,경북 경주시 황성동 470번지
강이찬,090-8150-8345,충북 옥천군 옥천읍 매화리 43-8번지
뇌성수,090-6047-5895,경기도 화성시 팔탄면 덕천리 102-1
옹효성,090-3265-5104,전남 여수 여서동 497-7
심장호,090-2231-6859,서울시 서초구 서초동 1305-7 번지 2층
진승우,090-3266-6588,서울시 서대문구 홍은동 48-84
복재민,090-7163-6113,서울시 마포구 공덕동 423번지 b2호
춘찬영,090-8335-2092,인천시 남동구 구월동 1474-1번지
하재찬,090-5253-4282,서울시 마포구 도화동 179-3번지
해송혁,090-5957-5339,인천시 서구 심곡동 247-1
사원혁,090-3426-6049,경북 포항시 남구 연일읍 유강리 596-1
점재민,090-6756-3489,서울시 종로구 평창동 158-1
해송혁,090-8918-3360,경남 김해시 내동 1131-4번지
제영후,090-2362-7698,서울시 강남구 삼성1동 108-4
은채혁,090-4254-5717,서울시 성북구 돈암동 625-2번지
전동원,090-4602-4928,경기도 수원시 장안구 영화동 282-5
소대권,090-2746-3644,대구시 달성군 다사읍 매곡리 1547-12
담장호,090-4308-6459,인천시 계양구 작전동 911-6번지
제유상,090-6238-7321,강원도 원주시 무실동 1734-4
경시현,090-2219-5981,경기도 용인시 처인구 역북동 436
양은성,090-6821-8731,강원도 춘천시 조양동 144-3
신찬영,090-3634-2098,부산시 진구 부전동 537-9번지
지승현,090-2083-2481,"부산시 해운대구 중동 1417-2 1,2층"
삼윤후,090-6054-4120,경기도 성남시 중원구 성남동 2126
이윤진,090-6862-5460,강원도 강릉시 강문동 304-5번지
지승현,090-8369-3874,서울시 노원구 공릉동 386-1
기원호,090-2293-5164,경기도 남양주시 와부읍 덕소리 462-9
평윤섭,090-5682-4941,대전시 동구 용전동 63-3번지
심장호,090-8428-3936,인천시 중구 인현동 29-28
낭시우,090-5936-4278,서울시 영등포구 당산동 3가 189번지
돈송혁,090-2408-4040,대전시 동구 소제동 293-74 (대전ktx 3층 맞이방)
어민기,090-8906-4567,광주시 서구 쌍촌동 964-8
두채훈,090-7204-4946,경북 김천시 신음동 460-10번지
복준완,090-3730-3514,대구시 수성구 두산동 100-2
사원호,090-3825-3958,"서울시 강남구 청담동 68-16번지, 1층"
은채혁,090-7455-8572,경기도 용인시 기흥구 중동 848-3
명윤일,090-3413-4081,서울시 광진구 중곡동 164-1
순대영,090-7546-5205,경기도 남양주시 진접읍 금곡리 1083-4
옥채훈,090-7950-2059,경기도 화성시 향남읍 행정리 474-5
기원호,090-7414-8668,경기도 남양주시 호평동 638-1
소윤수,090-8545-2471,경남 진주시 초전동 1638-8번지
진승일,090-4099-8335,서울시 강남구 역삼동 720-34
방윤후,090-3679-5535,서울시 노원구 중계4동 142-3
담성민,090-8631-2822,대구시 동구 효목동 1060번지
빈성희,090-8927-3059,대전시 중구 중촌동 16-10번지
여민국,090-2865-4498,충남 당진군 당진읍 수청리 999번지
은현준,090-6947-5539,부산시 연제구 연산9동 490-15번지
뇌성수,090-2893-7007,대전시 중구 안영동703
공동영,090-5803-4940,경기도 광명시 철산동 367
함민서,090-6427-2685,대전시 서구 복수동 755번지
삼윤후,090-2826-6810,서울시 강동구 명일동 48-1
담성민,090-8208-2511,충남 공주시 정안면 전평리 5-10번지
심장호,090-3500-8652,대구시 달서구 상인동 1586-1
유준호,090-6418-6287,부산시 부산진구 당감동 282-84
삼찬후,090-3988-5864,서울시 마포구 상암동 4-4 상암IT타워 1층?
공동영,090-5548-8763,전남 목포시 상동 1160-9
빈성희,090-6818-8645,부산시 수영구 남천동 148-48
함민서,090-3997-5204,대전시 동구 용전동 복합터미널 서관 63-3 1층
성성율,090-8045-7287,부산시 사하구 하단동 492-40번지
순대영,090-5297-5342,강원도 강릉시 옥천동 163-1
초시민,090-3066-7660,충남 논산시 취암동 849 번지
낭시우,090-2859-7168,경기도 고양시 덕양구 행신2동 812번지
담장호,090-3710-3995,대전시 서구 만년동 356번지
남동예,090-4997-3598,경북 구미시 남통동 414-97
박수혁,090-8710-4945,경북 구미시 인의동 374-6
남동예,090-5680-3368,전북 익산시 모현동 1가 854 번지
학생이름,090-8222-3482,경기도 안성시 공도읍 만정리 817-2
흥동현,090-4694-6535,서울시 광진구 광장동 530-25
기원호,090-2438-7390,서울시 송파구 방이동 45-2 금복빌딩 1층
변재호,090-5159-2140,충남 천안시 쌍용동 392-1번지
옥채훈,090-5072-4173,서울시 동작구 사당동 257-27번지
엄은진,090-5197-5192,서울시 중랑구 신내동 565-1
원성빈,090-5242-4952,인천시 남동구 간석동 413-3 1층
순대영,090-4882-4061,서울시 송파구 신천동 7-20
제동희,090-7692-7067,경기도 포천시 소홀읍 송우리 187?
여동은,090-3346-8234,충북 충주시 칠금동 579
담장호,090-5928-4380,서울시 송파구 잠실동 36-2